{
  "cup": {
    "best_epoch": 43,
    "best_val_dice": 0.8787540197372437,
    "train_dice_at_best": 0.8996829986572266,
    "mean_dice": 0.8833028674125671,
    "ci_low": 0.866795003414154,
    "ci_high": 0.8970056176185608,
    "stats": {
      "mean": 0.8833028674125671,
      "std": 0.061900366097688675,
      "median": 0.9012787938117981,
      "q25": 0.8550607562065125,
      "q75": 0.9252831339836121
    },
    "bmw_indices": [
      57,
      19,
      30
    ],
    "dice_scores": [
      0.8755552172660828,
      0.8975815176963806,
      0.928673267364502,
      0.7021885514259338,
      0.927403450012207,
      0.9184558391571045,
      0.8504347801208496,
      0.9075762033462524,
      0.8872140645980835,
      0.86756831407547,
      0.9015229940414429,
      0.7841343879699707,
      0.95323646068573,
      0.9037595987319946,
      0.9000183343887329,
      0.932759702205658,
      0.9299450516700745,
      0.9390615820884705,
      0.8238173723220825,
      0.9012787938117981,
      0.8195987343788147,
      0.8754057288169861,
      0.9433441162109375,
      0.8732243776321411,
      0.9363054633140564,
      0.8270594477653503,
      0.8605502247810364,
      0.9202780723571777,
      0.8482838273048401,
      0.8481216430664062,
      0.6798639297485352,
      0.7940511703491211,
      0.931534469127655,
      0.9201073050498962,
      0.7746526598930359,
      0.8553720712661743,
      0.9065794944763184,
      0.878691554069519,
      0.9605638980865479,
      0.8824206590652466,
      0.7138195633888245,
      0.8037800788879395,
      0.8684504628181458,
      0.9174619913101196,
      0.8158084750175476,
      0.9086688160896301,
      0.9203638434410095,
      0.8843557834625244,
      0.8187879323959351,
      0.9659889340400696,
      0.8665373921394348,
      0.9186280965805054,
      0.934391975402832,
      0.8516294956207275,
      0.8550607562065125,
      0.9217379689216614,
      0.9297147393226624,
      0.9744544625282288,
      0.9206573963165283,
      0.9201457500457764,
      0.9465348720550537,
      0.9623538851737976,
      0.8951406478881836,
      0.9252831339836121,
      0.906738817691803
    ],
    "sample_ids": [
      "586",
      "587",
      "588",
      "589",
      "590",
      "591",
      "592",
      "593",
      "594",
      "595",
      "596",
      "597",
      "598",
      "599",
      "600",
      "601",
      "602",
      "603",
      "604",
      "605",
      "606",
      "607",
      "608",
      "609",
      "610",
      "611",
      "612",
      "613",
      "614",
      "615",
      "616",
      "617",
      "618",
      "619",
      "620",
      "621",
      "622",
      "623",
      "624",
      "625",
      "626",
      "627",
      "628",
      "629",
      "630",
      "631",
      "632",
      "633",
      "634",
      "635",
      "636",
      "637",
      "638",
      "639",
      "640",
      "641",
      "642",
      "643",
      "644",
      "645",
      "646",
      "647",
      "648",
      "649",
      "650"
    ]
  },
  "disc": {
    "best_epoch": 37,
    "best_val_dice": 0.9639381170272828,
    "train_dice_at_best": 0.9678862690925598,
    "mean_dice": 0.9674738645553589,
    "ci_low": 0.9625595211982727,
    "ci_high": 0.9715573191642761,
    "stats": {
      "mean": 0.9674738645553589,
      "std": 0.018016228452324867,
      "median": 0.9727712869644165,
      "q25": 0.958854079246521,
      "q75": 0.9793171286582947
    },
    "bmw_indices": [
      38,
      44,
      50
    ],
    "dice_scores": [
      0.9847426414489746,
      0.970227062702179,
      0.9652845859527588,
      0.9537754654884338,
      0.9681273102760315,
      0.9801411032676697,
      0.9814542531967163,
      0.9815782308578491,
      0.9476542472839355,
      0.9831893444061279,
      0.9715402126312256,
      0.9358050227165222,
      0.9275183081626892,
      0.9762542247772217,
      0.9821394681930542,
      0.9712505340576172,
      0.9692917466163635,
      0.9823141694068909,
      0.9737526774406433,
      0.9743589758872986,
      0.9563913941383362,
      0.9181206226348877,
      0.949951708316803,
      0.9737380743026733,
      0.9733244180679321,
      0.9558280110359192,
      0.9583178758621216,
      0.9615927338600159,
      0.9793171286582947,
      0.9840076565742493,
      0.9856148958206177,
      0.9561757445335388,
      0.9547240138053894,
      0.958854079246521,
      0.9858038425445557,
      0.974764347076416,
      0.9761370420455933,
      0.9858155846595764,
      0.9859902262687683,
      0.9795282483100891,
      0.9716885685920715,
      0.975199818611145,
      0.9814379215240479,
      0.9666805267333984,
      0.9727712869644165,
      0.9554797410964966,
      0.9730360507965088,
      0.977830708026886,
      0.9593515992164612,
      0.95549476146698,
      0.8811793327331543,
      0.9763731360435486,
      0.9752951860427856,
      0.9614276885986328,
      0.9623143076896667,
      0.9778758883476257,
      0.9662060737609863,
      0.9859284162521362,
      0.9757820963859558,
      0.9780829548835754,
      0.9830865859985352,
      0.9710350632667542,
      0.9390926361083984,
      0.971524715423584,
      0.9572253823280334
    ],
    "sample_ids": [
      "586",
      "587",
      "588",
      "589",
      "590",
      "591",
      "592",
      "593",
      "594",
      "595",
      "596",
      "597",
      "598",
      "599",
      "600",
      "601",
      "602",
      "603",
      "604",
      "605",
      "606",
      "607",
      "608",
      "609",
      "610",
      "611",
      "612",
      "613",
      "614",
      "615",
      "616",
      "617",
      "618",
      "619",
      "620",
      "621",
      "622",
      "623",
      "624",
      "625",
      "626",
      "627",
      "628",
      "629",
      "630",
      "631",
      "632",
      "633",
      "634",
      "635",
      "636",
      "637",
      "638",
      "639",
      "640",
      "641",
      "642",
      "643",
      "644",
      "645",
      "646",
      "647",
      "648",
      "649",
      "650"
    ]
  }
}